"exp_coef","exp_coef_2","lower_95","upper_95","drug","p_value","se","adjusted_pval"
4.28507538561114,0.233368123080845,2.03043906477168,9.04330072197229,"Quetiapine",0.000134240936826834,0.381071332413629,0.00107392749461467
1.55261053730387,0.644076525293016,1.19614909799271,2.01530017001417,"Levothyroxin",0.000946941202840136,0.133079190366702,0.00378776481136054
2.2567919405341,0.443106864234607,1.14740366938508,4.43881259817584,"Ibuprofen",0.0183554167440908,0.345130116503487,0.0367108334881816
1.26676248657643,0.78941396717755,1.04468884413742,1.53604320214817,"Lisinopril",0.0161933221863881,0.098341265323514,0.0367108334881816
1.68115192962568,0.594830236564435,1.07166528551636,2.63727102919302,"Fluconazole",0.0237440783628005,0.229731492090522,0.0379905253804807
1.32326822119126,0.755704689333323,0.97989434388343,1.78696692775582,"Metformin",0.0676314838112747,0.153275840552999,0.0901753117483662
0.172190157139117,5.80753288465886,0.0216225912858245,1.37122557715974,"Clarithromycin",0.0965646300891793,1.05862188604885,0.110359577244776
1.51417033913337,0.660427677227084,0.664375423133643,3.45092809890122,"Gemfibrozil",0.323607410141073,0.420301371614922,0.323607410141073
